{
  "schema": "denoiseopt.meta_hear_samples.v1",
  "approach_code": "hybrid_lstm",
  "approach_display": "Ours (hybrid GA\u2013PPO)",
  "eval_seed": 20260719,
  "search_seed": 1902771841,
  "holdout_source": "holdout_batch.pt",
  "sample_rate": 44100,
  "freq_hz": 440.0,
  "duration_s": 3.0,
  "playback": "Each WAV is linear-interpolated wavetable playback of one 256-sample cycle at 440.0 Hz for 3.0s (44100 Hz mono PCM16). Compare nobake (cracked wrap) vs dualcosine vs ours_healed.",
  "champ_raw_from_summary": 0.9914649724960327,
  "delta_r_vs_dual_cosine_summary": 0.1748800277709961,
  "refit": {
    "fit_steps": 64,
    "batch": 64,
    "lr": 0.06844036093419292,
    "adv_coef": 0.0,
    "converged": false,
    "train_r_last": 0.9912906289100647
  },
  "train_r_last": 0.9912906289100647,
  "champ_arch": {
    "depth": 12,
    "width": 48,
    "act": "tanh",
    "ops": [
      "cycle_net",
      "fade_pull",
      "fir5"
    ],
    "wet": 0.7245407380693173,
    "fir": [
      0.09384575163009412,
      0.48805814652102797,
      0.39091825891943194,
      0.331059364757842,
      0.46083074612670105
    ],
    "cell_kind": "tf_split",
    "soft_logits": [
      -0.7310634675404777,
      0.1710795557276254,
      -0.6233001575325193,
      0.9827618982555753,
      0.3947958367868978,
      0.373733937967083,
      0.46914590455657923,
      0.37583370129354693,
      -0.08300391880653188,
      0.41187302648163265,
      0.21241824583315116,
      -0.36736061966500033,
      0.3777839866967111,
      1.352627609124864,
      -0.11422418026695591
    ],
    "blocks": [
      "tf_split"
    ],
    "use_adv_aux": true,
    "moe_mode": "sequential"
  },
  "samples": [
    {
      "sample_index": 1,
      "tile_index": 46,
      "eval_seed": 20260719,
      "wrap_abs": 2.282712936401367,
      "R": {
        "no_bake": 0.9503467082977295,
        "dual_cosine": 0.6029019951820374,
        "ours_hybrid": 0.9888169765472412
      },
      "files": {
        "nobake": "01_tile46_nobake.wav",
        "dualcosine": "01_tile46_dualcosine.wav",
        "ours_healed": "01_tile46_ours_healed.wav"
      },
      "paper_heal_tile": true
    },
    {
      "sample_index": 2,
      "tile_index": 21,
      "eval_seed": 20260719,
      "wrap_abs": 2.2893970012664795,
      "R": {
        "no_bake": 0.93118816614151,
        "dual_cosine": 0.639761209487915,
        "ours_hybrid": 0.9898666143417358
      },
      "files": {
        "nobake": "02_tile21_nobake.wav",
        "dualcosine": "02_tile21_dualcosine.wav",
        "ours_healed": "02_tile21_ours_healed.wav"
      },
      "paper_heal_tile": false
    },
    {
      "sample_index": 3,
      "tile_index": 4,
      "eval_seed": 20260719,
      "wrap_abs": 2.1520464420318604,
      "R": {
        "no_bake": 0.9685397148132324,
        "dual_cosine": 0.651323676109314,
        "ours_hybrid": 0.9942167401313782
      },
      "files": {
        "nobake": "03_tile4_nobake.wav",
        "dualcosine": "03_tile4_dualcosine.wav",
        "ours_healed": "03_tile4_ours_healed.wav"
      },
      "paper_heal_tile": false
    },
    {
      "sample_index": 4,
      "tile_index": 49,
      "eval_seed": 20260719,
      "wrap_abs": 2.103854179382324,
      "R": {
        "no_bake": 0.9804750084877014,
        "dual_cosine": 0.6008924245834351,
        "ours_hybrid": 0.9900839924812317
      },
      "files": {
        "nobake": "04_tile49_nobake.wav",
        "dualcosine": "04_tile49_dualcosine.wav",
        "ours_healed": "04_tile49_ours_healed.wav"
      },
      "paper_heal_tile": false
    },
    {
      "sample_index": 5,
      "tile_index": 48,
      "eval_seed": 20260719,
      "wrap_abs": 1.9376832246780396,
      "R": {
        "no_bake": 0.9761191606521606,
        "dual_cosine": 0.631062388420105,
        "ours_hybrid": 0.9923931360244751
      },
      "files": {
        "nobake": "05_tile48_nobake.wav",
        "dualcosine": "05_tile48_dualcosine.wav",
        "ours_healed": "05_tile48_ours_healed.wav"
      },
      "paper_heal_tile": false
    }
  ],
  "absolute_paths": [
    "C:\\Users\\Julian\\Documents\\Programming\\github\\reeldemo\\reelsynth\\brand\\artifacts\\meta_approach_compare\\hear_samples\\01_tile46_nobake.wav",
    "C:\\Users\\Julian\\Documents\\Programming\\github\\reeldemo\\reelsynth\\brand\\artifacts\\meta_approach_compare\\hear_samples\\01_tile46_dualcosine.wav",
    "C:\\Users\\Julian\\Documents\\Programming\\github\\reeldemo\\reelsynth\\brand\\artifacts\\meta_approach_compare\\hear_samples\\01_tile46_ours_healed.wav",
    "C:\\Users\\Julian\\Documents\\Programming\\github\\reeldemo\\reelsynth\\brand\\artifacts\\meta_approach_compare\\hear_samples\\02_tile21_nobake.wav",
    "C:\\Users\\Julian\\Documents\\Programming\\github\\reeldemo\\reelsynth\\brand\\artifacts\\meta_approach_compare\\hear_samples\\02_tile21_dualcosine.wav",
    "C:\\Users\\Julian\\Documents\\Programming\\github\\reeldemo\\reelsynth\\brand\\artifacts\\meta_approach_compare\\hear_samples\\02_tile21_ours_healed.wav",
    "C:\\Users\\Julian\\Documents\\Programming\\github\\reeldemo\\reelsynth\\brand\\artifacts\\meta_approach_compare\\hear_samples\\03_tile4_nobake.wav",
    "C:\\Users\\Julian\\Documents\\Programming\\github\\reeldemo\\reelsynth\\brand\\artifacts\\meta_approach_compare\\hear_samples\\03_tile4_dualcosine.wav",
    "C:\\Users\\Julian\\Documents\\Programming\\github\\reeldemo\\reelsynth\\brand\\artifacts\\meta_approach_compare\\hear_samples\\03_tile4_ours_healed.wav",
    "C:\\Users\\Julian\\Documents\\Programming\\github\\reeldemo\\reelsynth\\brand\\artifacts\\meta_approach_compare\\hear_samples\\04_tile49_nobake.wav",
    "C:\\Users\\Julian\\Documents\\Programming\\github\\reeldemo\\reelsynth\\brand\\artifacts\\meta_approach_compare\\hear_samples\\04_tile49_dualcosine.wav",
    "C:\\Users\\Julian\\Documents\\Programming\\github\\reeldemo\\reelsynth\\brand\\artifacts\\meta_approach_compare\\hear_samples\\04_tile49_ours_healed.wav",
    "C:\\Users\\Julian\\Documents\\Programming\\github\\reeldemo\\reelsynth\\brand\\artifacts\\meta_approach_compare\\hear_samples\\05_tile48_nobake.wav",
    "C:\\Users\\Julian\\Documents\\Programming\\github\\reeldemo\\reelsynth\\brand\\artifacts\\meta_approach_compare\\hear_samples\\05_tile48_dualcosine.wav",
    "C:\\Users\\Julian\\Documents\\Programming\\github\\reeldemo\\reelsynth\\brand\\artifacts\\meta_approach_compare\\hear_samples\\05_tile48_ours_healed.wav"
  ],
  "note": "Cell weights are refit from champion arch+HP (meta suite does not persist fitted state_dict). Same FitCell path as fig_meta_heal_samples."
}