{
  "iter": 2,
  "champion_residual": 0.8294160962104797,
  "champion_arch": {
    "depth": 2,
    "width": 3,
    "act": "tanh",
    "ops": [
      "soft_seam",
      "pin",
      "polish",
      "dual_cosine"
    ],
    "wet": 0.16622292890774085,
    "fir": [
      0.10034141283141036,
      0.5420108793666536,
      0.3974317861535281
    ],
    "cell_kind": "mlp"
  },
  "baseline_dual_cosine": 0.8203155994415283,
  "branch_best": {
    "rl": 0.0,
    "nas": 0.8258844316005707,
    "combo": 0.8294160962104797
  },
  "elapsed_sec": 0.2508056163787842,
  "gpu": "NVIDIA GeForce RTX 3090",
  "pid": 34860
}