{
  "denoise": 0.7809280157089233,
  "dual_cosine": {
    "denoise": 0.7601756453514099,
    "quality": 0.8797209858894348,
    "shape": 0.9992663264274597
  },
  "fitted_theta": [
    1.0,
    1.0,
    0.9699999690055847,
    0.0,
    0.19999998807907104,
    1.0,
    1.0,
    0.5,
    0.5900000333786011,
    1.0,
    0.9900000095367432,
    1.0
  ],
  "loss": 0.2250581532716751,
  "opt": {
    "denoise": 0.7809280157089233,
    "quality": 0.8874710202217102,
    "shape": 0.9940138459205627
  },
  "pass": true,
  "quality": 0.8874710202217102,
  "shape": 0.9940138459205627
}